model,accuracy,precision,recall,f1,roc_auc,balanced_accuracy,average_precision,fit_evaluate_seconds
GradientBoosting,0.7352857142857143,0.7539364001234949,0.6981132075471698,0.7249517589431498,0.8019958537129319,0.7352644849843216,0.7810297474105219,3.3247492000009515
Stacking,0.7307142857142858,0.742264944427756,0.706403659233848,0.7238904350373517,0.7949873072067398,0.7307004018613557,0.7744936395024353,14.592783600004623
RandomForest tuned (F1 CV),0.7342857142857143,0.7542951769819913,0.6944920907185058,0.7231593570152808,0.8009640619928002,0.7342629880586627,0.7840922508485119,1.0135749999972177
Bagging KNN,0.722047619047619,0.7415707023550161,0.6811511339813227,0.7100779814235335,0.7808833434176904,0.722024262973909,0.7603124477248303,7.230756000004476
AdaBoost,0.7301904761904762,0.7670944899314007,0.6606632361349343,0.7099119393815277,0.7955212665647674,0.7301507690288225,0.7712991933750636,2.0298331000012695
RidgeClassifier,0.7262380952380952,0.7581329561527581,0.6639984753192301,0.7079502159004318,0.7910437775743855,0.7262025500525333,0.7700663928830699,0.053101699995750096
RandomForest,0.7079047619047619,0.7086124401913876,0.705641318848866,0.7071237585943468,0.7644333924680465,0.7079034692473913,0.7438700788685397,5.925927199998114
ExtraTrees,0.6946190476190476,0.6951324471645788,0.6926815323041738,0.6939048255453201,0.7404017338273234,0.694617941099736,0.6918203857541028,6.432715900002222
Dummy baseline,0.5002857142857143,0.0,0.0,0.0,0.5,0.5,0.4997142857142857,0.020973899998352863
